crop_type,fert_band,mean,count
barley,"(0.497, 19.693]",2.2332961706689782,718
barley,"(19.693, 33.802]",2.3153042933912515,705
barley,"(33.802, 53.233]",2.576587695810667,672
barley,"(53.233, 136.05]",2.7837186887248415,692
maize,"(0.497, 19.693]",3.3466621220710286,718
maize,"(19.693, 33.802]",3.8005678834929517,720
maize,"(33.802, 53.233]",4.102473907149362,725
maize,"(53.233, 136.05]",4.336272007295328,722
sorghum,"(0.497, 19.693]",2.242652276542018,688
sorghum,"(19.693, 33.802]",2.5233061819566536,753
sorghum,"(33.802, 53.233]",2.7283753224003804,711
sorghum,"(53.233, 136.05]",2.968474511133656,691
teff,"(0.497, 19.693]",1.740871128075111,712
teff,"(19.693, 33.802]",1.995762771473705,671
teff,"(33.802, 53.233]",2.041047690526552,736
teff,"(53.233, 136.05]",2.214793584772389,731
wheat,"(0.497, 19.693]",2.562684131063353,729
wheat,"(19.693, 33.802]",2.689653935094373,715
wheat,"(33.802, 53.233]",2.8152645730892556,720
wheat,"(53.233, 136.05]",3.141517631296017,729
