crop_type,alt_band,mean,count
barley,"(55.803000000000004, 1424.874]",2.7732626883704015,9
barley,"(1424.874, 2042.04]",0.9339619173657534,79
barley,"(2042.04, 2566.98]",2.2644959119110624,954
barley,"(2566.98, 3100.0]",2.633530795043926,1876
maize,"(55.803000000000004, 1424.874]",3.9371127511104107,1670
maize,"(1424.874, 2042.04]",4.014161948833758,1263
maize,"(2042.04, 2566.98]",1.9554491735568313,100
maize,"(2566.98, 3100.0]",0.39366014634202523,3
sorghum,"(55.803000000000004, 1424.874]",2.666435028125199,1937
sorghum,"(1424.874, 2042.04]",2.5814468169790104,999
sorghum,"(2042.04, 2566.98]",1.2351730529734413,54
sorghum,"(2566.98, 3100.0]",0.1685099566203457,1
teff,"(55.803000000000004, 1424.874]",0.947784624743662,118
teff,"(1424.874, 2042.04]",2.0432284612632343,1240
teff,"(2042.04, 2566.98]",2.2290698726670977,1364
teff,"(2566.98, 3100.0]",1.154751004761035,279
wheat,"(55.803000000000004, 1424.874]",2.1923142020597193,16
wheat,"(1424.874, 2042.04]",1.0695618261886128,169
wheat,"(2042.04, 2566.98]",2.9237466919815946,1278
wheat,"(2566.98, 3100.0]",2.892747574525361,1591
