planting_month,crop_type,yield_tons_per_ha
Aug,barley,2.5774209093764013
Aug,maize,3.8710150849024587
Aug,sorghum,2.6184495973088957
Aug,teff,2.0190427928618115
Aug,wheat,2.807350512530592
Feb,barley,2.2384886738451515
Feb,maize,4.10731201332812
Feb,sorghum,2.7268223542457637
Feb,teff,1.8547356792140635
Feb,wheat,2.495622193702671
Jul,barley,2.5743801709490217
Jul,maize,3.841541822408989
Jul,sorghum,2.527109330927779
Jul,teff,2.1061630387121006
Jul,wheat,2.936834512455968
Jun,barley,2.660332775762808
Jun,maize,3.72407972991532
Jun,sorghum,2.4770402730738112
Jun,teff,2.073049839299367
Jun,wheat,3.0723252260089002
Mar,barley,2.312752511690307
Mar,maize,3.957723376390722
Mar,sorghum,2.701287066528428
Mar,teff,1.9533345844926704
Mar,wheat,2.6830853508384065
