survey_year,region,yield_tons_per_ha
2021,Amhara,3.1454717259263996
2021,Oromia,3.036276639617018
2021,SNNPR,2.865577333974548
2021,Somali,1.2852671755114664
2021,Tigray,3.149459563594672
2022,Amhara,3.075580282461487
2022,Oromia,3.0247016564699196
2022,SNNPR,3.019779607694438
2022,Somali,1.674672402789814
2022,Tigray,3.145122490715729
2023,Amhara,3.1030115780857237
2023,Oromia,3.1277437603250933
2023,SNNPR,3.163904812157119
2023,Somali,1.414886731283774
2023,Tigray,3.1534118324345233
2024,Amhara,3.1825795563409547
2024,Oromia,3.0913972049038905
2024,SNNPR,3.096992132114096
2024,Somali,1.4781236893746013
2024,Tigray,3.0629330677379647
