region,survey_year,season_mean_temp,region_avg,anomaly
Amhara,2021,16.734886817576562,16.784250460386033,-0.04936364280947103
Amhara,2022,18.311963696369634,16.784250460386033,1.527713235983601
Amhara,2023,15.506542056074766,16.784250460386033,-1.2777084043112676
Amhara,2024,16.58360927152318,16.784250460386033,-0.20064118886285343
Oromia,2021,19.12841997264022,18.859932218064593,0.26848775457562724
Oromia,2022,19.712632625994697,18.859932218064593,0.8527004079301044
Oromia,2023,18.501737967914437,18.859932218064593,-0.3581942501501558
Oromia,2024,18.096938305709024,18.859932218064593,-0.7629939123555687
SNNPR,2021,21.39113018597997,20.14773193721591,1.2433982487640627
SNNPR,2022,19.71357048748353,20.14773193721591,-0.4341614497323789
SNNPR,2023,19.686826066572902,20.14773193721591,-0.4609058706430069
SNNPR,2024,19.79940100882724,20.14773193721591,-0.34833092838866975
Somali,2021,30.14510652463382,28.396421908249305,1.7486846163845158
Somali,2022,25.91880601792574,28.396421908249305,-2.477615890323566
Somali,2023,28.795710455764073,28.396421908249305,0.39928854751476806
Somali,2024,28.726064634673584,28.396421908249305,0.3296427264242787
Tigray,2021,17.597594936708862,17.736419933060702,-0.13882499635183976
Tigray,2022,16.342061923583664,17.736419933060702,-1.3943580094770383
Tigray,2023,16.70537323037323,17.736419933060702,-1.0310467026874726
Tigray,2024,20.30064964157706,17.736419933060702,2.5642297085163577
