file,column(s),issue_type,rows_affected,percent_of_file,fix_applied,why
crop_yield_train.csv,region/crop_type,inconsistent labels,0,0.0,strip/lower/map to canonical labels,ensures identical join/category keys
crop_yield_train.csv,plot_id + all fields,duplicate plot record,90,0.596,remove duplicate-content plot records (90 rows; one has the explicit -DUP id),preserves unique plot_id and avoids duplicated training example
crop_yield_train.csv,"pest_disease_flag, labor_days_per_ha",-999 sentinel,788,5.222,replace -999 with missing and impute inside model pipeline,-999 is not a valid domain value
crop_yield_train.csv,farm_size_ha,extreme/unit anomaly,151,1.001,cap above train 99th percentile (4.262 ha),prevents a small number of implausible large-plot records dominating
crop_yield_train.csv,fertilizer_kg_per_ha,extreme/unit anomaly,143,0.948,cap above train 99th percentile (136.050 kg/ha),limits obvious high-end unit anomalies using train-only cap
regional_weather.csv,region,inconsistent labels/abbreviations,19,8.19,map full names and abbreviations to canonical labels,makes region join keys consistent
regional_weather.csv,region/year/month,duplicate weather keys,6,2.586,clean labels then average duplicate readings by key,restores one row per region-year-month for many-to-one seasonal join
regional_weather.csv,avg_temp_c/monthly_rainfall_mm,missing weather readings,3,1.293,"impute by cleaned region-month median, then global median",keeps seasonal features computable without using target/test fitting
market_prices.csv,crop_type,inconsistent labels,0,0.0,strip/lower/map tef to teff and canonical labels,aligns price and plot crop keys
market_prices.csv,price_birr_per_quintal,missing prices,4,4.0,fill with crop-year regional median,keeps analysis/demo complete and uses comparable observations
market_prices.csv,price_birr_per_quintal,wrong unit,4,4.0,multiply values below 100 by 100,restores the intended birr/quintal scale
